{
  "run_id": "C2_XS",
  "compute_budget": 3000000000000000.0,
  "n_params": 738304,
  "num_train_tokens": 677227808,
  "num_optimizer_steps": 82669,
  "final_val_loss": 5.717068791389465,
  "train_time_seconds": 1525.568114400001,
  "config": {
    "hidden_size": 64,
    "num_hidden_layers": 2,
    "num_attention_heads": 4,
    "head_dim": 16,
    "intermediate_size": 256
  }
}