{
  "run_id": "C2_M",
  "compute_budget": 3000000000000000.0,
  "n_params": 2066432,
  "num_train_tokens": 241962958,
  "num_optimizer_steps": 29536,
  "final_val_loss": 4.895813077688217,
  "train_time_seconds": 1007.4687531999989,
  "config": {
    "hidden_size": 128,
    "num_hidden_layers": 4,
    "num_attention_heads": 4,
    "head_dim": 32,
    "intermediate_size": 512
  }
}