{
  "A_N": 0.013117703263354872,
  "a_N": 0.5400215163973475,
  "A_D": 12.705476204227725,
  "a_D": 0.45997848360265126,
  "k_L": 150.79314528300822,
  "gamma_L": 0.09590904690811797,
  "target_budget": 3e+17,
  "predicted_N": 35964938.72405052,
  "predicted_D": 1390242880.2572708,
  "predicted_loss": 3.178099995497461
}