{
  "A_N": 1.760526267477833e-08,
  "a_N": 0.9310825955856994,
  "A_D": 9466866.228895733,
  "a_D": 0.06891740441429499,
  "k_L": 635.1518153225076,
  "gamma_L": 0.13753353602488416,
  "target_budget": 3e+16,
  "predicted_N": 38654791.48087849,
  "predicted_D": 129350070.41683897,
  "predicted_loss": 3.4412862087054497
}