{
  "A_N": 4.498754965716976,
  "a_N": 0.3682561520914225,
  "A_D": 0.03704728706869884,
  "a_D": 0.6317438479085802,
  "k_L": 112.80415976458279,
  "gamma_L": 0.08691242886421485,
  "target_budget": 1e+16,
  "predicted_N": 3509059.8254135516,
  "predicted_D": 474961029.33219576,
  "predicted_loss": 4.589086598636325
}