{
  "run_id": "C0_L",
  "compute_budget": 500000000000000.0,
  "n_params": 4131840,
  "num_train_tokens": 20168577,
  "num_optimizer_steps": 2461,
  "final_val_loss": 6.649708390235901,
  "train_time_seconds": 149.67295699999886,
  "config": {
    "hidden_size": 192,
    "num_hidden_layers": 5,
    "num_attention_heads": 6,
    "head_dim": 32,
    "intermediate_size": 768
  }
}