{
  "run_id": "C1_S",
  "compute_budget": 500000000000000.0,
  "n_params": 1291776,
  "num_train_tokens": 64510668,
  "num_optimizer_steps": 7874,
  "final_val_loss": 6.0325122475624084,
  "train_time_seconds": 211.86441849999983,
  "config": {
    "hidden_size": 96,
    "num_hidden_layers": 3,
    "num_attention_heads": 4,
    "head_dim": 24,
    "intermediate_size": 384
  }
}