{
  "run_id": "C1_S",
  "compute_budget": 1000000000000000.0,
  "n_params": 1291776,
  "num_train_tokens": 129021337,
  "num_optimizer_steps": 15749,
  "final_val_loss": 5.964512646198273,
  "train_time_seconds": 414.1308023999991,
  "config": {
    "hidden_size": 96,
    "num_hidden_layers": 3,
    "num_attention_heads": 4,
    "head_dim": 24,
    "intermediate_size": 384
  }
}