{
  "run_id": "C1_XS",
  "compute_budget": 500000000000000.0,
  "n_params": 738304,
  "num_train_tokens": 112871301,
  "num_optimizer_steps": 13778,
  "final_val_loss": 5.943480730056763,
  "train_time_seconds": 270.10447299999987,
  "config": {
    "hidden_size": 64,
    "num_hidden_layers": 2,
    "num_attention_heads": 4,
    "head_dim": 16,
    "intermediate_size": 256
  }
}