{
  "run_id": "C2_XL",
  "compute_budget": 3000000000000000.0,
  "n_params": 7278592,
  "num_train_tokens": 68694604,
  "num_optimizer_steps": 8385,
  "final_val_loss": 5.446847677230835,
  "train_time_seconds": 793.7763838000028,
  "config": {
    "hidden_size": 256,
    "num_hidden_layers": 6,
    "num_attention_heads": 8,
    "head_dim": 32,
    "intermediate_size": 1024
  }
}