{
  "run_id": "C2_L",
  "compute_budget": 3000000000000000.0,
  "n_params": 4131840,
  "num_train_tokens": 121011462,
  "num_optimizer_steps": 14771,
  "final_val_loss": 4.671847432851791,
  "train_time_seconds": 896.9857210000009,
  "config": {
    "hidden_size": 192,
    "num_hidden_layers": 5,
    "num_attention_heads": 6,
    "head_dim": 32,
    "intermediate_size": 768
  }
}