{
  "run_id": "C1_XL",
  "compute_budget": 1000000000000000.0,
  "n_params": 7278592,
  "num_train_tokens": 22898201,
  "num_optimizer_steps": 2795,
  "final_val_loss": 6.247207283973694,
  "train_time_seconds": 270.2687488999982,
  "config": {
    "hidden_size": 256,
    "num_hidden_layers": 6,
    "num_attention_heads": 8,
    "head_dim": 32,
    "intermediate_size": 1024
  }
}